{
    "PR": {
        "desvio_padrao": 98.60718591309755,
        "media": 648.9612940496822,
        "mediana": 650,
        "moda": 850
    },
    "RS": {
        "desvio_padrao": 95.1365984138358,
        "media": 651.1051428571428,
        "mediana": 650,
        "moda": 850
    },
    "SC": {
        "desvio_padrao": 97.23349279343314,
        "media": 649.5376527422563,
        "mediana": 653,
        "moda": 850
    }
}